id,order_id,product_id,quantity,unit_price,subtotal
1,1,20,2,222.38,444.76
2,1,49,4,253.63,1014.52
3,1,92,3,333.07,999.21
4,2,14,3,346.24,1038.72
5,2,12,4,314.63,1258.52
6,2,1,3,417.15,1251.45
7,3,14,2,346.24,692.48
8,3,17,4,402.93,1611.72
9,3,12,4,314.63,1258.52
10,4,72,1,452.18,452.18
11,4,66,3,57.79,173.37
12,4,53,1,426.91,426.91
13,4,14,3,346.24,1038.72
14,4,4,4,437.0,1748.0
15,5,38,4,416.91,1667.64
16,6,100,2,374.1,748.2
17,6,11,2,286.47,572.94
18,6,93,4,394.46,1577.84
19,6,72,2,452.18,904.36
20,7,35,3,486.71,1460.13
21,7,39,4,140.35,561.4
22,8,9,4,396.42,1585.68
23,8,22,3,301.03,903.09
24,9,39,3,140.35,421.05
25,9,62,2,320.76,641.52
26,9,10,4,454.71,1818.84
27,9,47,2,373.63,747.26
28,10,14,4,346.24,1384.96
29,10,18,3,325.58,976.74
30,10,39,4,140.35,561.4
31,10,1,3,417.15,1251.45
32,11,43,2,152.79,305.58
33,11,56,3,49.74,149.22
34,11,84,3,326.37,979.11
35,11,77,2,481.63,963.26
36,12,41,4,440.27,1761.08
37,12,23,2,128.93,257.86
38,12,51,3,436.11,1308.33
39,12,38,4,416.91,1667.64
40,13,51,2,436.11,872.22
41,13,47,2,373.63,747.26
42,13,15,1,354.94,354.94
43,14,91,1,34.97,34.97
44,14,27,4,484.68,1938.72
45,14,57,4,224.62,898.48
46,14,38,2,416.91,833.82
47,15,31,2,413.34,826.68
48,15,33,4,223.81,895.24
49,15,85,4,497.98,1991.92
50,16,58,4,399.09,1596.36
51,17,52,1,172.59,172.59
52,17,69,3,373.86,1121.58
53,17,65,1,128.8,128.8
54,17,89,1,346.69,346.69
55,17,54,2,360.77,721.54
56,18,22,1,301.03,301.03
57,18,83,4,325.59,1302.36
58,18,79,3,396.39,1189.17
59,19,14,2,346.24,692.48
60,19,2,2,12.0,24.0
61,19,13,4,91.04,364.16
62,19,34,3,464.2,1392.6
63,20,60,2,91.66,183.32
64,20,99,3,136.36,409.08
65,20,87,1,212.47,212.47
66,20,76,4,483.86,1935.44
67,21,38,4,416.91,1667.64
68,22,15,2,354.94,709.88
69,23,40,2,277.88,555.76
70,23,44,4,226.04,904.16
71,23,59,3,125.88,377.64
72,24,13,4,91.04,364.16
73,24,57,3,224.62,673.86
74,24,93,1,394.46,394.46
75,24,90,3,54.18,162.54
76,25,91,1,34.97,34.97
77,26,44,1,226.04,226.04
78,27,95,2,167.64,335.28
79,27,32,2,31.83,63.66
80,28,72,2,452.18,904.36
81,28,55,4,38.87,155.48
82,28,60,2,91.66,183.32
83,29,82,4,238.38,953.52
84,29,85,4,497.98,1991.92
85,30,95,2,167.64,335.28
86,31,76,2,483.86,967.72
87,31,55,2,38.87,77.74
88,31,50,3,265.35,796.05
89,31,1,1,417.15,417.15
90,32,14,2,346.24,692.48
91,32,69,4,373.86,1495.44
92,32,24,1,475.64,475.64
93,32,47,3,373.63,1120.89
94,32,42,4,467.45,1869.8
95,33,82,4,238.38,953.52
96,33,41,1,440.27,440.27
97,33,77,3,481.63,1444.89
98,33,50,3,265.35,796.05
99,33,79,4,396.39,1585.56
100,34,23,1,128.93,128.93
101,34,87,2,212.47,424.94
102,34,91,3,34.97,104.91
103,34,39,1,140.35,140.35
104,34,79,2,396.39,792.78
105,35,15,2,354.94,709.88
106,35,24,4,475.64,1902.56
107,35,48,4,397.23,1588.92
108,36,18,4,325.58,1302.32
109,36,74,2,375.0,750.0
110,36,50,2,265.35,530.7
111,36,55,4,38.87,155.48
112,36,24,3,475.64,1426.92
113,37,24,4,475.64,1902.56
114,37,41,1,440.27,440.27
115,38,2,2,12.0,24.0
116,38,63,4,451.1,1804.4
117,38,18,4,325.58,1302.32
118,39,88,4,54.02,216.08
119,39,63,4,451.1,1804.4
120,39,54,2,360.77,721.54
121,39,91,1,34.97,34.97
122,40,4,3,437.0,1311.0
123,40,98,2,396.04,792.08
124,40,29,3,250.26,750.78
125,40,38,2,416.91,833.82
126,40,5,4,173.65,694.6
127,41,96,1,429.91,429.91
128,41,99,1,136.36,136.36
129,41,64,3,472.89,1418.67
130,41,71,3,384.9,1154.7
131,41,66,1,57.79,57.79
132,42,70,2,113.41,226.82
133,42,28,3,336.72,1010.16
134,42,55,1,38.87,38.87
135,42,14,4,346.24,1384.96
136,43,45,1,191.72,191.72
137,43,12,2,314.63,629.26
138,43,57,2,224.62,449.24
139,44,89,4,346.69,1386.76
140,44,45,2,191.72,383.44
141,44,91,2,34.97,69.94
142,44,79,2,396.39,792.78
143,44,81,2,412.1,824.2
144,45,73,3,291.89,875.67
145,46,36,3,158.82,476.46
146,46,77,3,481.63,1444.89
147,46,69,3,373.86,1121.58
148,46,22,1,301.03,301.03
149,46,42,2,467.45,934.9
150,47,8,2,496.99,993.98
151,47,36,2,158.82,317.64
152,47,84,2,326.37,652.74
153,47,17,3,402.93,1208.79
154,48,98,4,396.04,1584.16
155,48,87,4,212.47,849.88
156,49,74,3,375.0,1125.0
157,49,81,4,412.1,1648.4
158,50,58,1,399.09,399.09
159,50,10,4,454.71,1818.84
160,50,82,3,238.38,715.14
161,50,99,3,136.36,409.08
162,51,63,1,451.1,451.1
163,51,42,4,467.45,1869.8
164,51,75,3,267.77,803.31
165,51,1,1,417.15,417.15
166,52,51,3,436.11,1308.33
167,52,28,3,336.72,1010.16
168,52,55,3,38.87,116.61
169,52,64,2,472.89,945.78
170,52,35,4,486.71,1946.84
171,53,88,1,54.02,54.02
172,53,98,1,396.04,396.04
173,53,7,4,344.79,1379.16
174,54,16,2,120.54,241.08
175,55,59,2,125.88,251.76
176,55,1,3,417.15,1251.45
177,55,55,2,38.87,77.74
178,55,26,3,458.46,1375.38
179,56,84,3,326.37,979.11
180,57,11,2,286.47,572.94
181,57,48,1,397.23,397.23
182,57,86,4,197.38,789.52
183,58,93,2,394.46,788.92
184,58,90,4,54.18,216.72
185,58,97,1,59.41,59.41
186,59,1,2,417.15,834.3
187,60,10,4,454.71,1818.84
188,60,17,1,402.93,402.93
189,60,76,1,483.86,483.86
190,60,29,3,250.26,750.78
191,61,55,2,38.87,77.74
192,62,10,1,454.71,454.71
193,62,30,1,48.59,48.59
194,62,50,3,265.35,796.05
195,62,12,3,314.63,943.89
196,63,18,2,325.58,651.16
197,63,49,2,253.63,507.26
198,63,100,1,374.1,374.1
199,64,73,4,291.89,1167.56
200,64,2,3,12.0,36.0
201,64,79,2,396.39,792.78
202,64,84,2,326.37,652.74
203,64,22,4,301.03,1204.12
204,65,88,2,54.02,108.04
205,65,57,1,224.62,224.62
206,65,28,4,336.72,1346.88
207,65,12,3,314.63,943.89
208,65,13,4,91.04,364.16
209,66,18,1,325.58,325.58
210,66,32,2,31.83,63.66
211,66,36,3,158.82,476.46
212,67,85,3,497.98,1493.94
213,68,67,2,496.38,992.76
214,68,78,4,338.83,1355.32
215,69,83,4,325.59,1302.36
216,69,7,4,344.79,1379.16
217,69,31,1,413.34,413.34
218,70,64,1,472.89,472.89
219,70,82,1,238.38,238.38
220,71,41,4,440.27,1761.08
221,71,17,3,402.93,1208.79
222,71,50,2,265.35,530.7
223,72,99,1,136.36,136.36
224,72,10,1,454.71,454.71
225,72,3,3,278.91,836.73
226,72,76,2,483.86,967.72
227,73,8,4,496.99,1987.96
228,74,37,4,496.17,1984.68
229,74,81,4,412.1,1648.4
230,74,92,4,333.07,1332.28
231,74,65,1,128.8,128.8
232,74,99,2,136.36,272.72
233,75,11,2,286.47,572.94
234,75,40,2,277.88,555.76
235,75,66,3,57.79,173.37
236,76,76,1,483.86,483.86
237,76,82,3,238.38,715.14
238,76,98,4,396.04,1584.16
239,76,84,2,326.37,652.74
240,77,32,1,31.83,31.83
241,78,15,1,354.94,354.94
242,78,59,3,125.88,377.64
243,78,79,2,396.39,792.78
244,78,78,1,338.83,338.83
245,79,91,2,34.97,69.94
246,80,21,4,471.62,1886.48
247,81,67,2,496.38,992.76
248,81,93,3,394.46,1183.38
249,81,34,2,464.2,928.4
250,82,94,1,415.76,415.76
251,82,16,3,120.54,361.62
252,82,99,4,136.36,545.44
253,83,68,1,9.01,9.01
254,83,9,4,396.42,1585.68
255,83,34,4,464.2,1856.8
256,84,47,3,373.63,1120.89
257,84,8,2,496.99,993.98
258,84,64,3,472.89,1418.67
259,84,73,1,291.89,291.89
260,84,22,1,301.03,301.03
261,85,95,1,167.64,167.64
262,85,66,1,57.79,57.79
263,86,32,1,31.83,31.83
264,87,47,1,373.63,373.63
265,87,50,4,265.35,1061.4
266,87,20,2,222.38,444.76
267,87,23,3,128.93,386.79
268,88,54,3,360.77,1082.31
269,88,93,3,394.46,1183.38
270,89,74,3,375.0,1125.0
271,90,65,1,128.8,128.8
272,91,29,1,250.26,250.26
273,91,67,4,496.38,1985.52
274,92,60,3,91.66,274.98
275,93,42,4,467.45,1869.8
276,93,12,1,314.63,314.63
277,93,71,3,384.9,1154.7
278,94,38,3,416.91,1250.73
279,94,73,2,291.89,583.78
280,95,48,2,397.23,794.46
281,95,76,2,483.86,967.72
282,95,64,2,472.89,945.78
283,95,99,1,136.36,136.36
284,96,4,1,437.0,437.0
285,96,30,3,48.59,145.77
286,96,70,1,113.41,113.41
287,96,45,4,191.72,766.88
288,97,14,2,346.24,692.48
289,97,27,4,484.68,1938.72
290,97,68,4,9.01,36.04
291,98,19,3,87.13,261.39
292,99,6,2,411.95,823.9
293,100,53,1,426.91,426.91
294,100,90,1,54.18,54.18
295,100,48,2,397.23,794.46
296,100,59,4,125.88,503.52
297,100,96,1,429.91,429.91
298,101,73,2,291.89,583.78
299,101,8,3,496.99,1490.97
300,101,56,3,49.74,149.22
301,101,85,3,497.98,1493.94
302,101,17,4,402.93,1611.72
303,102,41,2,440.27,880.54
304,102,58,1,399.09,399.09
305,102,35,2,486.71,973.42
306,103,100,1,374.1,374.1
307,103,99,2,136.36,272.72
308,104,22,4,301.03,1204.12
309,105,41,3,440.27,1320.81
310,105,53,2,426.91,853.82
311,105,16,4,120.54,482.16
312,105,69,3,373.86,1121.58
313,106,34,3,464.2,1392.6
314,106,16,1,120.54,120.54
315,106,12,2,314.63,629.26
316,106,21,3,471.62,1414.86
317,107,12,2,314.63,629.26
318,107,92,3,333.07,999.21
319,108,66,3,57.79,173.37
320,108,7,2,344.79,689.58
321,108,87,1,212.47,212.47
322,108,39,4,140.35,561.4
323,109,72,1,452.18,452.18
324,109,96,4,429.91,1719.64
325,109,71,1,384.9,384.9
326,109,32,2,31.83,63.66
327,110,2,1,12.0,12.0
328,111,17,4,402.93,1611.72
329,111,26,3,458.46,1375.38
330,112,75,3,267.77,803.31
331,113,3,1,278.91,278.91
332,114,83,2,325.59,651.18
333,114,57,1,224.62,224.62
334,115,16,1,120.54,120.54
335,115,6,2,411.95,823.9
336,115,60,4,91.66,366.64
337,116,64,4,472.89,1891.56
338,116,4,2,437.0,874.0
339,116,49,3,253.63,760.89
340,116,88,2,54.02,108.04
341,117,36,2,158.82,317.64
342,117,58,1,399.09,399.09
343,118,80,4,187.45,749.8
344,118,79,4,396.39,1585.56
345,118,32,4,31.83,127.32
346,118,83,1,325.59,325.59
347,118,38,1,416.91,416.91
348,119,50,2,265.35,530.7
349,119,18,2,325.58,651.16
350,119,54,1,360.77,360.77
351,120,92,4,333.07,1332.28
352,120,46,3,288.04,864.12
353,120,62,3,320.76,962.28
354,120,70,4,113.41,453.64
355,121,24,2,475.64,951.28
356,121,4,1,437.0,437.0
357,121,41,3,440.27,1320.81
358,122,61,3,124.21,372.63
359,123,30,2,48.59,97.18
360,123,21,3,471.62,1414.86
361,123,13,1,91.04,91.04
362,123,32,2,31.83,63.66
363,123,85,4,497.98,1991.92
364,124,23,3,128.93,386.79
365,124,31,3,413.34,1240.02
366,124,76,1,483.86,483.86
367,125,73,4,291.89,1167.56
368,125,19,3,87.13,261.39
369,125,25,2,382.74,765.48
370,126,5,2,173.65,347.3
371,126,12,1,314.63,314.63
372,126,8,4,496.99,1987.96
373,126,30,1,48.59,48.59
374,127,79,3,396.39,1189.17
375,127,26,2,458.46,916.92
376,127,17,3,402.93,1208.79
377,128,3,2,278.91,557.82
378,129,91,3,34.97,104.91
379,129,19,1,87.13,87.13
380,129,100,3,374.1,1122.3
381,129,15,4,354.94,1419.76
382,129,68,1,9.01,9.01
383,130,39,2,140.35,280.7
384,130,42,4,467.45,1869.8
385,130,18,4,325.58,1302.32
386,131,23,3,128.93,386.79
387,131,91,2,34.97,69.94
388,131,72,2,452.18,904.36
389,132,40,2,277.88,555.76
390,132,94,2,415.76,831.52
391,132,89,1,346.69,346.69
392,132,38,4,416.91,1667.64
393,133,5,2,173.65,347.3
394,133,24,1,475.64,475.64
395,133,78,4,338.83,1355.32
396,133,41,2,440.27,880.54
397,133,79,3,396.39,1189.17
398,134,31,3,413.34,1240.02
399,135,22,3,301.03,903.09
400,135,82,4,238.38,953.52
401,135,12,1,314.63,314.63
402,136,27,1,484.68,484.68
403,136,32,3,31.83,95.49
404,136,89,3,346.69,1040.07
405,137,93,1,394.46,394.46
406,138,50,4,265.35,1061.4
407,139,22,3,301.03,903.09
408,139,53,4,426.91,1707.64
409,139,64,1,472.89,472.89
410,139,49,4,253.63,1014.52
411,140,84,4,326.37,1305.48
412,140,98,1,396.04,396.04
413,140,88,1,54.02,54.02
414,140,29,3,250.26,750.78
415,140,21,1,471.62,471.62
416,141,34,3,464.2,1392.6
417,141,14,2,346.24,692.48
418,141,10,4,454.71,1818.84
419,142,94,1,415.76,415.76
420,142,10,3,454.71,1364.13
421,143,79,2,396.39,792.78
422,143,62,4,320.76,1283.04
423,143,91,2,34.97,69.94
424,143,4,1,437.0,437.0
425,143,56,1,49.74,49.74
426,144,27,3,484.68,1454.04
427,144,25,3,382.74,1148.22
428,144,53,3,426.91,1280.73
429,145,13,4,91.04,364.16
430,145,7,4,344.79,1379.16
431,146,7,1,344.79,344.79
432,146,47,4,373.63,1494.52
433,147,38,4,416.91,1667.64
434,148,13,2,91.04,182.08
435,148,4,2,437.0,874.0
436,149,11,3,286.47,859.41
437,149,61,4,124.21,496.84
438,149,15,4,354.94,1419.76
439,150,85,4,497.98,1991.92
440,150,34,2,464.2,928.4
441,150,12,3,314.63,943.89
442,150,83,4,325.59,1302.36
443,151,24,3,475.64,1426.92
444,151,58,4,399.09,1596.36
445,151,6,4,411.95,1647.8
446,152,29,1,250.26,250.26
447,152,35,2,486.71,973.42
448,152,73,1,291.89,291.89
449,153,86,3,197.38,592.14
450,154,53,1,426.91,426.91
451,154,97,4,59.41,237.64
452,154,76,4,483.86,1935.44
453,154,30,4,48.59,194.36
454,154,71,2,384.9,769.8
455,155,39,1,140.35,140.35
456,155,11,2,286.47,572.94
457,155,51,1,436.11,436.11
458,155,92,4,333.07,1332.28
459,156,22,2,301.03,602.06
460,156,28,2,336.72,673.44
461,157,55,1,38.87,38.87
462,158,26,3,458.46,1375.38
463,158,81,3,412.1,1236.3
464,158,19,1,87.13,87.13
465,158,77,1,481.63,481.63
466,159,72,3,452.18,1356.54
467,159,51,4,436.11,1744.44
468,159,71,1,384.9,384.9
469,159,42,4,467.45,1869.8
470,160,54,2,360.77,721.54
471,161,73,1,291.89,291.89
472,161,76,1,483.86,483.86
473,162,100,4,374.1,1496.4
474,162,13,3,91.04,273.12
475,162,37,4,496.17,1984.68
476,162,69,4,373.86,1495.44
477,162,45,4,191.72,766.88
478,163,23,3,128.93,386.79
479,164,19,4,87.13,348.52
480,164,80,1,187.45,187.45
481,164,78,4,338.83,1355.32
482,164,88,3,54.02,162.06
483,165,7,4,344.79,1379.16
484,165,96,3,429.91,1289.73
485,166,3,3,278.91,836.73
486,166,44,3,226.04,678.12
487,166,39,4,140.35,561.4
488,167,30,2,48.59,97.18
489,168,96,3,429.91,1289.73
490,168,57,3,224.62,673.86
491,168,100,4,374.1,1496.4
492,169,83,4,325.59,1302.36
493,169,12,4,314.63,1258.52
494,169,25,3,382.74,1148.22
495,169,57,1,224.62,224.62
496,169,28,2,336.72,673.44
497,170,40,4,277.88,1111.52
498,171,100,1,374.1,374.1
499,171,68,2,9.01,18.02
500,172,26,2,458.46,916.92
501,172,8,1,496.99,496.99
502,173,7,3,344.79,1034.37
503,173,47,3,373.63,1120.89
504,173,91,4,34.97,139.88
505,173,26,4,458.46,1833.84
506,174,88,1,54.02,54.02
507,175,48,4,397.23,1588.92
508,175,63,2,451.1,902.2
509,176,76,3,483.86,1451.58
510,176,71,1,384.9,384.9
511,176,45,3,191.72,575.16
512,176,21,1,471.62,471.62
513,177,7,2,344.79,689.58
514,177,21,2,471.62,943.24
515,177,74,2,375.0,750.0
516,177,100,2,374.1,748.2
517,178,84,1,326.37,326.37
518,178,53,1,426.91,426.91
519,178,66,4,57.79,231.16
520,179,83,1,325.59,325.59
521,179,23,2,128.93,257.86
522,180,78,3,338.83,1016.49
523,180,40,4,277.88,1111.52
524,180,92,4,333.07,1332.28
525,181,59,4,125.88,503.52
526,181,33,3,223.81,671.43
527,181,28,4,336.72,1346.88
528,182,14,3,346.24,1038.72
529,182,1,3,417.15,1251.45
530,182,66,1,57.79,57.79
531,182,85,4,497.98,1991.92
532,182,48,1,397.23,397.23
533,183,36,3,158.82,476.46
534,183,82,3,238.38,715.14
535,183,42,3,467.45,1402.35
536,184,20,2,222.38,444.76
537,184,67,1,496.38,496.38
538,185,52,1,172.59,172.59
539,185,85,4,497.98,1991.92
540,185,41,3,440.27,1320.81
541,185,88,3,54.02,162.06
542,185,18,4,325.58,1302.32
543,186,50,2,265.35,530.7
544,186,95,3,167.64,502.92
545,186,5,2,173.65,347.3
546,186,75,4,267.77,1071.08
547,187,65,2,128.8,257.6
548,187,39,3,140.35,421.05
549,187,22,1,301.03,301.03
550,188,17,2,402.93,805.86
551,188,95,3,167.64,502.92
552,188,34,1,464.2,464.2
553,188,93,2,394.46,788.92
554,189,29,4,250.26,1001.04
555,189,96,3,429.91,1289.73
556,189,40,3,277.88,833.64
557,190,75,1,267.77,267.77
558,190,38,4,416.91,1667.64
559,190,60,1,91.66,91.66
560,191,75,1,267.77,267.77
561,191,80,4,187.45,749.8
562,191,10,3,454.71,1364.13
563,191,61,4,124.21,496.84
564,191,25,1,382.74,382.74
565,192,18,3,325.58,976.74
566,192,26,4,458.46,1833.84
567,193,59,1,125.88,125.88
568,193,19,4,87.13,348.52
569,193,41,3,440.27,1320.81
570,193,92,2,333.07,666.14
571,193,24,3,475.64,1426.92
572,194,1,4,417.15,1668.6
573,195,27,2,484.68,969.36
574,195,98,2,396.04,792.08
575,195,100,4,374.1,1496.4
576,196,17,4,402.93,1611.72
577,197,52,1,172.59,172.59
578,197,55,1,38.87,38.87
579,197,62,2,320.76,641.52
580,197,50,3,265.35,796.05
581,198,42,2,467.45,934.9
582,199,87,1,212.47,212.47
583,200,29,3,250.26,750.78
584,200,89,3,346.69,1040.07
585,201,14,3,346.24,1038.72
586,201,50,2,265.35,530.7
587,202,6,3,411.95,1235.85
588,203,59,3,125.88,377.64
589,203,94,4,415.76,1663.04
590,203,67,2,496.38,992.76
591,204,63,2,451.1,902.2
592,204,46,2,288.04,576.08
593,204,97,4,59.41,237.64
594,205,30,2,48.59,97.18
595,206,28,1,336.72,336.72
596,206,94,2,415.76,831.52
597,207,47,1,373.63,373.63
598,208,82,1,238.38,238.38
599,208,33,1,223.81,223.81
600,208,99,1,136.36,136.36
601,208,69,1,373.86,373.86
602,209,89,1,346.69,346.69
603,210,57,3,224.62,673.86
604,210,49,4,253.63,1014.52
605,210,16,2,120.54,241.08
606,210,71,2,384.9,769.8
607,211,39,4,140.35,561.4
608,212,85,3,497.98,1493.94
609,213,78,1,338.83,338.83
610,213,90,3,54.18,162.54
611,213,18,1,325.58,325.58
612,213,54,1,360.77,360.77
613,213,14,4,346.24,1384.96
614,214,78,3,338.83,1016.49
615,214,26,2,458.46,916.92
616,215,91,2,34.97,69.94
617,215,53,1,426.91,426.91
618,215,38,4,416.91,1667.64
619,216,89,3,346.69,1040.07
620,216,62,2,320.76,641.52
621,217,2,1,12.0,12.0
622,218,74,4,375.0,1500.0
623,219,12,1,314.63,314.63
624,219,100,1,374.1,374.1
625,220,83,3,325.59,976.77
626,220,30,3,48.59,145.77
627,220,59,4,125.88,503.52
628,221,13,2,91.04,182.08
629,222,38,3,416.91,1250.73
630,223,55,1,38.87,38.87
631,223,95,1,167.64,167.64
632,223,15,1,354.94,354.94
633,224,85,2,497.98,995.96
634,224,83,3,325.59,976.77
635,225,57,1,224.62,224.62
636,225,80,3,187.45,562.35
637,225,35,3,486.71,1460.13
638,226,15,4,354.94,1419.76
639,226,52,4,172.59,690.36
640,227,50,4,265.35,1061.4
641,227,89,2,346.69,693.38
642,227,62,1,320.76,320.76
643,228,90,1,54.18,54.18
644,228,93,2,394.46,788.92
645,229,54,4,360.77,1443.08
646,230,87,3,212.47,637.41
647,230,57,1,224.62,224.62
648,230,24,2,475.64,951.28
649,230,79,4,396.39,1585.56
650,230,49,4,253.63,1014.52
651,231,53,4,426.91,1707.64
652,232,9,3,396.42,1189.26
653,233,2,2,12.0,24.0
654,233,91,3,34.97,104.91
655,233,87,1,212.47,212.47
656,234,85,3,497.98,1493.94
657,234,94,4,415.76,1663.04
658,234,32,2,31.83,63.66
659,234,62,1,320.76,320.76
660,235,83,2,325.59,651.18
661,236,61,4,124.21,496.84
662,236,64,3,472.89,1418.67
663,236,22,2,301.03,602.06
664,236,10,3,454.71,1364.13
665,236,97,3,59.41,178.23
666,237,65,2,128.8,257.6
667,238,83,4,325.59,1302.36
668,238,49,4,253.63,1014.52
669,238,52,4,172.59,690.36
670,238,31,1,413.34,413.34
671,238,11,4,286.47,1145.88
672,239,41,1,440.27,440.27
673,239,16,1,120.54,120.54
674,239,64,4,472.89,1891.56
675,239,96,4,429.91,1719.64
676,240,72,1,452.18,452.18
677,241,78,3,338.83,1016.49
678,242,72,3,452.18,1356.54
679,242,27,3,484.68,1454.04
680,242,84,1,326.37,326.37
681,242,86,2,197.38,394.76
682,242,59,4,125.88,503.52
683,243,72,4,452.18,1808.72
684,243,99,3,136.36,409.08
685,243,80,4,187.45,749.8
686,244,13,2,91.04,182.08
687,245,44,3,226.04,678.12
688,246,71,1,384.9,384.9
689,246,67,1,496.38,496.38
690,246,48,2,397.23,794.46
691,247,18,4,325.58,1302.32
692,247,92,1,333.07,333.07
693,247,96,3,429.91,1289.73
694,247,93,2,394.46,788.92
695,248,16,2,120.54,241.08
696,248,51,4,436.11,1744.44
697,249,92,1,333.07,333.07
698,249,44,4,226.04,904.16
699,250,82,1,238.38,238.38
700,251,59,2,125.88,251.76
701,251,85,4,497.98,1991.92
702,251,76,1,483.86,483.86
703,251,65,1,128.8,128.8
704,252,56,2,49.74,99.48
705,252,75,2,267.77,535.54
706,252,62,2,320.76,641.52
707,252,66,1,57.79,57.79
708,252,100,4,374.1,1496.4
709,253,78,2,338.83,677.66
710,253,42,3,467.45,1402.35
711,253,65,4,128.8,515.2
712,253,50,3,265.35,796.05
713,253,54,3,360.77,1082.31
714,254,18,3,325.58,976.74
715,254,53,3,426.91,1280.73
716,254,78,2,338.83,677.66
717,254,90,2,54.18,108.36
718,255,80,3,187.45,562.35
719,255,92,3,333.07,999.21
720,256,91,2,34.97,69.94
721,256,84,3,326.37,979.11
722,257,98,3,396.04,1188.12
723,258,62,4,320.76,1283.04
724,258,75,3,267.77,803.31
725,258,74,4,375.0,1500.0
726,258,86,1,197.38,197.38
727,258,91,1,34.97,34.97
728,259,49,2,253.63,507.26
729,260,86,1,197.38,197.38
730,261,35,2,486.71,973.42
731,261,97,3,59.41,178.23
732,262,19,3,87.13,261.39
733,262,8,2,496.99,993.98
734,262,89,1,346.69,346.69
735,263,58,2,399.09,798.18
736,263,14,4,346.24,1384.96
737,263,79,2,396.39,792.78
738,264,90,4,54.18,216.72
739,264,37,4,496.17,1984.68
740,264,89,4,346.69,1386.76
741,264,86,3,197.38,592.14
742,264,7,1,344.79,344.79
743,265,96,3,429.91,1289.73
744,266,80,4,187.45,749.8
745,266,100,2,374.1,748.2
746,267,97,2,59.41,118.82
747,267,76,2,483.86,967.72
748,267,70,3,113.41,340.23
749,268,23,2,128.93,257.86
750,268,88,1,54.02,54.02
751,268,10,4,454.71,1818.84
752,268,24,1,475.64,475.64
753,269,36,2,158.82,317.64
754,269,72,3,452.18,1356.54
755,269,34,1,464.2,464.2
756,269,17,3,402.93,1208.79
757,270,91,1,34.97,34.97
758,270,20,3,222.38,667.14
759,270,6,4,411.95,1647.8
760,270,42,3,467.45,1402.35
761,271,91,3,34.97,104.91
762,272,29,2,250.26,500.52
763,272,24,4,475.64,1902.56
764,272,67,4,496.38,1985.52
765,272,9,1,396.42,396.42
766,272,65,3,128.8,386.4
767,273,28,3,336.72,1010.16
768,273,85,3,497.98,1493.94
769,274,38,4,416.91,1667.64
770,274,28,1,336.72,336.72
771,274,97,1,59.41,59.41
772,275,58,2,399.09,798.18
773,275,31,1,413.34,413.34
774,275,83,3,325.59,976.77
775,276,15,3,354.94,1064.82
776,276,50,1,265.35,265.35
777,276,33,3,223.81,671.43
778,276,70,4,113.41,453.64
779,277,6,3,411.95,1235.85
780,277,38,1,416.91,416.91
781,277,84,1,326.37,326.37
782,277,25,2,382.74,765.48
783,278,69,2,373.86,747.72
784,278,1,4,417.15,1668.6
785,278,81,1,412.1,412.1
786,278,9,2,396.42,792.84
787,278,27,4,484.68,1938.72
788,279,96,2,429.91,859.82
789,280,59,3,125.88,377.64
790,281,12,1,314.63,314.63
791,282,23,3,128.93,386.79
792,283,10,4,454.71,1818.84
793,283,74,4,375.0,1500.0
794,283,30,4,48.59,194.36
795,283,34,4,464.2,1856.8
796,283,53,3,426.91,1280.73
797,284,50,1,265.35,265.35
798,285,1,1,417.15,417.15
799,285,83,1,325.59,325.59
800,285,93,3,394.46,1183.38
801,285,80,1,187.45,187.45
802,285,9,3,396.42,1189.26
803,286,78,4,338.83,1355.32
804,286,12,4,314.63,1258.52
805,286,37,4,496.17,1984.68
806,287,61,2,124.21,248.42
807,288,29,3,250.26,750.78
808,288,18,2,325.58,651.16
809,288,96,3,429.91,1289.73
810,288,51,3,436.11,1308.33
811,288,70,1,113.41,113.41
812,289,72,4,452.18,1808.72
813,289,19,1,87.13,87.13
814,289,16,3,120.54,361.62
815,289,6,2,411.95,823.9
816,289,1,3,417.15,1251.45
817,290,53,2,426.91,853.82
818,290,83,2,325.59,651.18
819,291,29,3,250.26,750.78
820,291,79,2,396.39,792.78
821,292,24,1,475.64,475.64
822,293,60,1,91.66,91.66
823,293,83,3,325.59,976.77
824,293,71,1,384.9,384.9
825,293,10,2,454.71,909.42
826,293,38,4,416.91,1667.64
827,294,46,2,288.04,576.08
828,294,17,1,402.93,402.93
829,294,86,3,197.38,592.14
830,295,9,3,396.42,1189.26
831,295,25,3,382.74,1148.22
832,295,41,2,440.27,880.54
833,295,63,3,451.1,1353.3
834,295,58,3,399.09,1197.27
835,296,22,2,301.03,602.06
836,296,1,4,417.15,1668.6
837,296,41,3,440.27,1320.81
838,296,32,3,31.83,95.49
839,297,87,3,212.47,637.41
840,297,94,4,415.76,1663.04
841,298,58,4,399.09,1596.36
842,298,46,1,288.04,288.04
843,298,100,2,374.1,748.2
844,298,40,1,277.88,277.88
845,299,18,3,325.58,976.74
846,299,69,1,373.86,373.86
847,299,26,1,458.46,458.46
848,300,65,1,128.8,128.8
849,301,75,1,267.77,267.77
850,301,52,3,172.59,517.77
851,301,99,4,136.36,545.44
852,301,76,2,483.86,967.72
853,301,28,3,336.72,1010.16
854,302,29,3,250.26,750.78
855,302,99,2,136.36,272.72
856,302,76,4,483.86,1935.44
857,302,94,1,415.76,415.76
858,303,47,2,373.63,747.26
859,303,65,2,128.8,257.6
860,303,2,2,12.0,24.0
861,303,85,4,497.98,1991.92
862,304,23,2,128.93,257.86
863,304,73,4,291.89,1167.56
864,305,6,4,411.95,1647.8
865,305,29,2,250.26,500.52
866,305,98,1,396.04,396.04
867,306,48,2,397.23,794.46
868,306,30,3,48.59,145.77
869,306,6,4,411.95,1647.8
870,307,59,1,125.88,125.88
871,307,6,3,411.95,1235.85
872,307,84,3,326.37,979.11
873,307,42,2,467.45,934.9
874,308,84,1,326.37,326.37
875,308,49,3,253.63,760.89
876,308,47,4,373.63,1494.52
877,308,76,2,483.86,967.72
878,309,52,1,172.59,172.59
879,309,46,2,288.04,576.08
880,309,45,4,191.72,766.88
881,309,63,2,451.1,902.2
882,309,62,2,320.76,641.52
883,310,66,3,57.79,173.37
884,311,20,2,222.38,444.76
885,311,24,3,475.64,1426.92
886,312,92,3,333.07,999.21
887,312,16,1,120.54,120.54
888,312,85,4,497.98,1991.92
889,312,30,4,48.59,194.36
890,312,54,4,360.77,1443.08
891,313,76,4,483.86,1935.44
892,313,21,1,471.62,471.62
893,314,6,2,411.95,823.9
894,314,17,2,402.93,805.86
895,315,6,3,411.95,1235.85
896,315,74,2,375.0,750.0
897,315,19,4,87.13,348.52
898,315,8,1,496.99,496.99
899,315,22,3,301.03,903.09
900,316,28,4,336.72,1346.88
901,317,61,2,124.21,248.42
902,317,62,2,320.76,641.52
903,317,22,3,301.03,903.09
904,317,29,2,250.26,500.52
905,317,53,3,426.91,1280.73
906,318,77,4,481.63,1926.52
907,318,76,4,483.86,1935.44
908,318,9,2,396.42,792.84
909,318,30,1,48.59,48.59
910,319,26,4,458.46,1833.84
911,320,78,2,338.83,677.66
912,320,13,4,91.04,364.16
913,321,77,1,481.63,481.63
914,321,5,1,173.65,173.65
915,321,69,4,373.86,1495.44
916,321,65,2,128.8,257.6
917,321,97,1,59.41,59.41
918,322,67,4,496.38,1985.52
919,322,54,2,360.77,721.54
920,322,48,4,397.23,1588.92
921,322,6,4,411.95,1647.8
922,323,76,1,483.86,483.86
923,323,95,4,167.64,670.56
924,323,98,2,396.04,792.08
925,324,62,1,320.76,320.76
926,324,99,3,136.36,409.08
927,324,30,4,48.59,194.36
928,325,25,1,382.74,382.74
929,325,1,1,417.15,417.15
930,325,91,1,34.97,34.97
931,326,84,4,326.37,1305.48
932,326,27,3,484.68,1454.04
933,326,89,1,346.69,346.69
934,326,41,2,440.27,880.54
935,327,84,4,326.37,1305.48
936,327,75,3,267.77,803.31
937,327,33,3,223.81,671.43
938,327,34,4,464.2,1856.8
939,328,53,4,426.91,1707.64
940,328,71,2,384.9,769.8
941,329,72,3,452.18,1356.54
942,329,62,3,320.76,962.28
943,329,33,4,223.81,895.24
944,330,85,2,497.98,995.96
945,330,16,4,120.54,482.16
946,331,13,4,91.04,364.16
947,331,28,3,336.72,1010.16
948,332,79,2,396.39,792.78
949,332,90,4,54.18,216.72
950,332,88,1,54.02,54.02
951,332,91,1,34.97,34.97
952,332,7,2,344.79,689.58
953,333,77,3,481.63,1444.89
954,333,56,2,49.74,99.48
955,333,12,3,314.63,943.89
956,333,9,1,396.42,396.42
957,334,5,3,173.65,520.95
958,334,93,1,394.46,394.46
959,334,50,2,265.35,530.7
960,334,52,4,172.59,690.36
961,334,79,4,396.39,1585.56
962,335,26,3,458.46,1375.38
963,336,5,2,173.65,347.3
964,336,77,2,481.63,963.26
965,337,47,2,373.63,747.26
966,338,21,1,471.62,471.62
967,339,100,4,374.1,1496.4
968,339,52,4,172.59,690.36
969,339,46,2,288.04,576.08
970,340,2,3,12.0,36.0
971,340,95,3,167.64,502.92
972,340,91,3,34.97,104.91
973,340,9,3,396.42,1189.26
974,340,12,2,314.63,629.26
975,341,25,3,382.74,1148.22
976,341,59,2,125.88,251.76
977,341,52,4,172.59,690.36
978,341,74,1,375.0,375.0
979,341,1,1,417.15,417.15
980,342,38,3,416.91,1250.73
981,342,44,4,226.04,904.16
982,342,15,4,354.94,1419.76
983,342,66,4,57.79,231.16
984,342,33,2,223.81,447.62
985,343,100,4,374.1,1496.4
986,343,59,1,125.88,125.88
987,343,88,4,54.02,216.08
988,344,34,1,464.2,464.2
989,345,82,2,238.38,476.76
990,345,29,3,250.26,750.78
991,345,87,4,212.47,849.88
992,345,90,3,54.18,162.54
993,346,69,3,373.86,1121.58
994,346,2,1,12.0,12.0
995,346,90,4,54.18,216.72
996,346,34,3,464.2,1392.6
997,346,32,1,31.83,31.83
998,347,23,3,128.93,386.79
999,347,61,2,124.21,248.42
1000,347,41,2,440.27,880.54
1001,347,46,4,288.04,1152.16
1002,347,28,2,336.72,673.44
1003,348,95,3,167.64,502.92
1004,348,31,2,413.34,826.68
1005,349,26,3,458.46,1375.38
1006,349,32,2,31.83,63.66
1007,350,16,1,120.54,120.54
1008,351,79,1,396.39,396.39
1009,351,1,4,417.15,1668.6
1010,351,98,3,396.04,1188.12
1011,351,70,3,113.41,340.23
1012,352,74,3,375.0,1125.0
1013,352,36,4,158.82,635.28
1014,352,63,2,451.1,902.2
1015,352,24,2,475.64,951.28
1016,353,68,4,9.01,36.04
1017,354,70,4,113.41,453.64
1018,354,5,2,173.65,347.3
1019,354,65,4,128.8,515.2
1020,354,45,1,191.72,191.72
1021,355,59,2,125.88,251.76
1022,355,41,4,440.27,1761.08
1023,355,89,1,346.69,346.69
1024,355,2,3,12.0,36.0
1025,355,87,3,212.47,637.41
1026,356,34,4,464.2,1856.8
1027,356,24,3,475.64,1426.92
1028,356,71,3,384.9,1154.7
1029,356,31,2,413.34,826.68
1030,356,35,4,486.71,1946.84
1031,357,27,3,484.68,1454.04
1032,357,54,3,360.77,1082.31
1033,357,90,4,54.18,216.72
1034,357,97,3,59.41,178.23
1035,358,24,2,475.64,951.28
1036,358,74,1,375.0,375.0
1037,358,17,3,402.93,1208.79
1038,358,88,2,54.02,108.04
1039,359,56,2,49.74,99.48
1040,359,49,4,253.63,1014.52
1041,359,26,1,458.46,458.46
1042,359,19,2,87.13,174.26
1043,359,95,4,167.64,670.56
1044,360,18,3,325.58,976.74
1045,360,81,4,412.1,1648.4
1046,360,67,3,496.38,1489.14
1047,360,69,3,373.86,1121.58
1048,361,73,2,291.89,583.78
1049,361,7,1,344.79,344.79
1050,361,51,2,436.11,872.22
1051,361,13,3,91.04,273.12
1052,361,89,4,346.69,1386.76
1053,362,58,3,399.09,1197.27
1054,363,47,3,373.63,1120.89
1055,363,72,1,452.18,452.18
1056,363,33,4,223.81,895.24
1057,364,45,2,191.72,383.44
1058,365,74,3,375.0,1125.0
1059,365,84,3,326.37,979.11
1060,365,69,3,373.86,1121.58
1061,365,23,4,128.93,515.72
1062,365,100,4,374.1,1496.4
1063,366,49,3,253.63,760.89
1064,367,81,3,412.1,1236.3
1065,367,19,4,87.13,348.52
1066,367,22,4,301.03,1204.12
1067,367,82,1,238.38,238.38
1068,368,21,3,471.62,1414.86
1069,369,41,3,440.27,1320.81
1070,369,84,3,326.37,979.11
1071,370,83,3,325.59,976.77
1072,370,51,4,436.11,1744.44
1073,370,35,4,486.71,1946.84
1074,370,57,2,224.62,449.24
1075,370,100,2,374.1,748.2
1076,371,17,2,402.93,805.86
1077,372,96,2,429.91,859.82
1078,372,90,2,54.18,108.36
1079,372,11,4,286.47,1145.88
1080,373,13,1,91.04,91.04
1081,374,71,4,384.9,1539.6
1082,374,7,1,344.79,344.79
1083,374,4,1,437.0,437.0
1084,374,99,3,136.36,409.08
1085,375,20,2,222.38,444.76
1086,375,11,2,286.47,572.94
1087,375,84,3,326.37,979.11
1088,375,50,4,265.35,1061.4
1089,375,40,2,277.88,555.76
1090,376,68,1,9.01,9.01
1091,376,22,1,301.03,301.03
1092,377,42,3,467.45,1402.35
1093,377,61,4,124.21,496.84
1094,377,60,2,91.66,183.32
1095,378,23,4,128.93,515.72
1096,378,76,3,483.86,1451.58
1097,378,77,3,481.63,1444.89
1098,378,59,4,125.88,503.52
1099,378,81,2,412.1,824.2
1100,379,57,3,224.62,673.86
1101,380,53,3,426.91,1280.73
1102,380,34,1,464.2,464.2
1103,380,20,1,222.38,222.38
1104,381,98,1,396.04,396.04
1105,381,18,4,325.58,1302.32
1106,381,45,4,191.72,766.88
1107,381,37,3,496.17,1488.51
1108,381,61,1,124.21,124.21
1109,382,38,3,416.91,1250.73
1110,382,77,2,481.63,963.26
1111,382,30,4,48.59,194.36
1112,382,1,4,417.15,1668.6
1113,383,32,4,31.83,127.32
1114,383,21,4,471.62,1886.48
1115,383,92,2,333.07,666.14
1116,383,95,3,167.64,502.92
1117,384,55,2,38.87,77.74
1118,385,98,3,396.04,1188.12
1119,385,79,3,396.39,1189.17
1120,385,89,4,346.69,1386.76
1121,385,88,2,54.02,108.04
1122,385,35,1,486.71,486.71
1123,386,18,1,325.58,325.58
1124,386,38,4,416.91,1667.64
1125,387,58,2,399.09,798.18
1126,387,35,3,486.71,1460.13
1127,387,90,1,54.18,54.18
1128,387,80,2,187.45,374.9
1129,387,63,1,451.1,451.1
1130,388,3,2,278.91,557.82
1131,388,24,4,475.64,1902.56
1132,388,14,1,346.24,346.24
1133,388,37,2,496.17,992.34
1134,388,35,1,486.71,486.71
1135,389,2,2,12.0,24.0
1136,389,64,3,472.89,1418.67
1137,390,40,1,277.88,277.88
1138,390,64,3,472.89,1418.67
1139,390,48,1,397.23,397.23
1140,390,60,2,91.66,183.32
1141,391,35,4,486.71,1946.84
1142,392,70,4,113.41,453.64
1143,393,25,4,382.74,1530.96
1144,393,33,1,223.81,223.81
1145,394,99,2,136.36,272.72
1146,395,99,1,136.36,136.36
1147,395,57,2,224.62,449.24
1148,395,32,4,31.83,127.32
1149,395,95,1,167.64,167.64
1150,396,86,3,197.38,592.14
1151,396,27,3,484.68,1454.04
1152,396,61,2,124.21,248.42
1153,396,50,1,265.35,265.35
1154,396,88,1,54.02,54.02
1155,397,62,2,320.76,641.52
1156,397,82,3,238.38,715.14
1157,397,39,1,140.35,140.35
1158,398,15,4,354.94,1419.76
1159,398,31,3,413.34,1240.02
1160,399,22,3,301.03,903.09
1161,400,16,4,120.54,482.16
1162,400,51,2,436.11,872.22
1163,400,32,3,31.83,95.49
1164,400,2,1,12.0,12.0
1165,400,6,2,411.95,823.9
1166,401,64,3,472.89,1418.67
1167,401,12,1,314.63,314.63
1168,402,46,2,288.04,576.08
1169,403,14,3,346.24,1038.72
1170,403,17,4,402.93,1611.72
1171,403,63,2,451.1,902.2
1172,403,30,1,48.59,48.59
1173,403,41,4,440.27,1761.08
1174,404,93,1,394.46,394.46
1175,404,18,4,325.58,1302.32
1176,404,33,4,223.81,895.24
1177,405,38,2,416.91,833.82
1178,405,70,3,113.41,340.23
1179,405,90,3,54.18,162.54
1180,405,63,4,451.1,1804.4
1181,405,25,3,382.74,1148.22
1182,406,71,4,384.9,1539.6
1183,406,21,3,471.62,1414.86
1184,406,9,3,396.42,1189.26
1185,406,68,3,9.01,27.03
1186,406,20,4,222.38,889.52
1187,407,100,4,374.1,1496.4
1188,408,3,3,278.91,836.73
1189,408,80,2,187.45,374.9
1190,409,93,4,394.46,1577.84
1191,409,9,2,396.42,792.84
1192,409,85,4,497.98,1991.92
1193,410,20,3,222.38,667.14
1194,410,79,1,396.39,396.39
1195,410,37,1,496.17,496.17
1196,410,42,1,467.45,467.45
1197,410,53,1,426.91,426.91
1198,411,23,2,128.93,257.86
1199,411,5,1,173.65,173.65
1200,412,25,4,382.74,1530.96
1201,412,13,4,91.04,364.16
1202,412,5,3,173.65,520.95
1203,412,74,1,375.0,375.0
1204,413,29,1,250.26,250.26
1205,413,78,1,338.83,338.83
1206,413,92,2,333.07,666.14
1207,414,11,3,286.47,859.41
1208,414,60,4,91.66,366.64
1209,414,82,3,238.38,715.14
1210,414,8,1,496.99,496.99
1211,415,35,3,486.71,1460.13
1212,415,68,1,9.01,9.01
1213,415,6,2,411.95,823.9
1214,415,94,1,415.76,415.76
1215,415,10,1,454.71,454.71
1216,416,69,2,373.86,747.72
1217,416,50,2,265.35,530.7
1218,417,85,4,497.98,1991.92
1219,417,32,1,31.83,31.83
1220,417,73,3,291.89,875.67
1221,417,81,4,412.1,1648.4
1222,417,23,4,128.93,515.72
1223,418,22,2,301.03,602.06
1224,419,52,4,172.59,690.36
1225,419,65,3,128.8,386.4
1226,419,44,3,226.04,678.12
1227,419,85,3,497.98,1493.94
1228,419,21,3,471.62,1414.86
1229,420,98,3,396.04,1188.12
1230,420,82,2,238.38,476.76
1231,420,56,2,49.74,99.48
1232,420,93,4,394.46,1577.84
1233,421,96,1,429.91,429.91
1234,421,33,1,223.81,223.81
1235,421,47,3,373.63,1120.89
1236,421,58,1,399.09,399.09
1237,421,51,2,436.11,872.22
1238,422,1,2,417.15,834.3
1239,422,39,3,140.35,421.05
1240,422,29,1,250.26,250.26
1241,423,71,2,384.9,769.8
1242,423,66,1,57.79,57.79
1243,423,72,1,452.18,452.18
1244,424,46,3,288.04,864.12
1245,424,20,2,222.38,444.76
1246,424,18,2,325.58,651.16
1247,424,34,3,464.2,1392.6
1248,425,12,2,314.63,629.26
1249,425,74,1,375.0,375.0
1250,425,52,3,172.59,517.77
1251,426,23,1,128.93,128.93
1252,426,63,3,451.1,1353.3
1253,426,89,1,346.69,346.69
1254,426,90,4,54.18,216.72
1255,427,100,1,374.1,374.1
1256,428,45,1,191.72,191.72
1257,428,56,2,49.74,99.48
1258,428,54,1,360.77,360.77
1259,429,7,3,344.79,1034.37
1260,429,40,2,277.88,555.76
1261,429,68,3,9.01,27.03
1262,429,6,2,411.95,823.9
1263,430,7,4,344.79,1379.16
1264,430,87,4,212.47,849.88
1265,431,74,3,375.0,1125.0
1266,431,65,4,128.8,515.2
1267,431,12,2,314.63,629.26
1268,431,29,2,250.26,500.52
1269,431,56,3,49.74,149.22
1270,432,61,1,124.21,124.21
1271,433,52,2,172.59,345.18
1272,433,34,2,464.2,928.4
1273,433,11,4,286.47,1145.88
1274,433,65,2,128.8,257.6
1275,433,56,4,49.74,198.96
1276,434,84,2,326.37,652.74
1277,434,74,2,375.0,750.0
1278,434,26,1,458.46,458.46
1279,434,72,3,452.18,1356.54
1280,435,42,1,467.45,467.45
1281,435,88,4,54.02,216.08
1282,435,74,4,375.0,1500.0
1283,435,12,3,314.63,943.89
1284,436,25,1,382.74,382.74
1285,436,42,3,467.45,1402.35
1286,436,45,2,191.72,383.44
1287,437,79,2,396.39,792.78
1288,437,57,4,224.62,898.48
1289,437,80,1,187.45,187.45
1290,438,26,3,458.46,1375.38
1291,438,88,2,54.02,108.04
1292,439,15,1,354.94,354.94
1293,440,80,3,187.45,562.35
1294,440,19,1,87.13,87.13
1295,441,89,4,346.69,1386.76
1296,441,15,4,354.94,1419.76
1297,441,40,1,277.88,277.88
1298,442,27,2,484.68,969.36
1299,442,95,2,167.64,335.28
1300,442,69,3,373.86,1121.58
1301,443,62,1,320.76,320.76
1302,443,80,4,187.45,749.8
1303,443,94,1,415.76,415.76
1304,443,19,3,87.13,261.39
1305,443,89,2,346.69,693.38
1306,444,37,2,496.17,992.34
1307,445,35,1,486.71,486.71
1308,445,7,4,344.79,1379.16
1309,445,60,3,91.66,274.98
1310,445,84,3,326.37,979.11
1311,445,2,1,12.0,12.0
1312,446,38,4,416.91,1667.64
1313,447,49,1,253.63,253.63
1314,447,66,3,57.79,173.37
1315,448,77,2,481.63,963.26
1316,448,69,4,373.86,1495.44
1317,448,12,1,314.63,314.63
1318,448,24,1,475.64,475.64
1319,449,68,3,9.01,27.03
1320,449,40,4,277.88,1111.52
1321,450,96,3,429.91,1289.73
1322,450,21,3,471.62,1414.86
1323,450,3,3,278.91,836.73
1324,450,45,2,191.72,383.44
1325,451,36,1,158.82,158.82
1326,451,8,3,496.99,1490.97
1327,451,81,2,412.1,824.2
1328,451,33,2,223.81,447.62
1329,451,50,3,265.35,796.05
1330,452,85,4,497.98,1991.92
1331,452,18,2,325.58,651.16
1332,452,12,4,314.63,1258.52
1333,452,94,2,415.76,831.52
1334,453,20,4,222.38,889.52
1335,453,55,2,38.87,77.74
1336,453,40,2,277.88,555.76
1337,453,78,2,338.83,677.66
1338,453,43,2,152.79,305.58
1339,454,40,2,277.88,555.76
1340,454,89,4,346.69,1386.76
1341,455,84,2,326.37,652.74
1342,455,73,3,291.89,875.67
1343,456,72,1,452.18,452.18
1344,457,41,1,440.27,440.27
1345,457,19,3,87.13,261.39
1346,458,53,3,426.91,1280.73
1347,458,39,2,140.35,280.7
1348,458,57,2,224.62,449.24
1349,458,96,1,429.91,429.91
1350,459,24,3,475.64,1426.92
1351,459,4,2,437.0,874.0
1352,460,30,4,48.59,194.36
1353,460,88,2,54.02,108.04
1354,460,4,4,437.0,1748.0
1355,460,46,3,288.04,864.12
1356,460,11,2,286.47,572.94
1357,461,63,2,451.1,902.2
1358,461,61,2,124.21,248.42
1359,461,18,1,325.58,325.58
1360,461,21,4,471.62,1886.48
1361,462,35,4,486.71,1946.84
1362,463,96,2,429.91,859.82
1363,463,86,2,197.38,394.76
1364,464,23,4,128.93,515.72
1365,465,63,4,451.1,1804.4
1366,465,89,4,346.69,1386.76
1367,465,42,1,467.45,467.45
1368,465,59,4,125.88,503.52
1369,465,32,3,31.83,95.49
1370,466,79,1,396.39,396.39
1371,466,96,1,429.91,429.91
1372,466,74,4,375.0,1500.0
1373,466,77,4,481.63,1926.52
1374,467,32,4,31.83,127.32
1375,468,72,4,452.18,1808.72
1376,469,98,4,396.04,1584.16
1377,469,81,4,412.1,1648.4
1378,469,7,3,344.79,1034.37
1379,469,25,3,382.74,1148.22
1380,469,38,4,416.91,1667.64
1381,470,55,1,38.87,38.87
1382,470,38,2,416.91,833.82
1383,471,83,1,325.59,325.59
1384,471,58,2,399.09,798.18
1385,471,12,2,314.63,629.26
1386,471,93,4,394.46,1577.84
1387,472,42,4,467.45,1869.8
1388,472,58,2,399.09,798.18
1389,472,4,4,437.0,1748.0
1390,472,23,1,128.93,128.93
1391,473,42,2,467.45,934.9
1392,473,89,1,346.69,346.69
1393,473,84,1,326.37,326.37
1394,474,91,4,34.97,139.88
1395,475,11,4,286.47,1145.88
1396,475,68,2,9.01,18.02
1397,475,91,4,34.97,139.88
1398,476,49,2,253.63,507.26
1399,476,6,2,411.95,823.9
1400,476,99,2,136.36,272.72
1401,476,22,2,301.03,602.06
1402,476,43,1,152.79,152.79
1403,477,40,3,277.88,833.64
1404,477,94,2,415.76,831.52
1405,477,99,1,136.36,136.36
1406,477,58,2,399.09,798.18
1407,478,1,3,417.15,1251.45
1408,478,80,1,187.45,187.45
1409,479,64,4,472.89,1891.56
1410,479,70,2,113.41,226.82
1411,479,1,2,417.15,834.3
1412,479,78,4,338.83,1355.32
1413,480,53,1,426.91,426.91
1414,480,57,2,224.62,449.24
1415,480,11,3,286.47,859.41
1416,480,77,2,481.63,963.26
1417,481,24,2,475.64,951.28
1418,482,84,3,326.37,979.11
1419,483,19,1,87.13,87.13
1420,484,78,1,338.83,338.83
1421,484,39,4,140.35,561.4
1422,484,43,2,152.79,305.58
1423,484,12,2,314.63,629.26
1424,484,7,3,344.79,1034.37
1425,485,85,2,497.98,995.96
1426,485,89,4,346.69,1386.76
1427,485,90,3,54.18,162.54
1428,485,77,1,481.63,481.63
1429,485,74,1,375.0,375.0
1430,486,42,1,467.45,467.45
1431,486,48,4,397.23,1588.92
1432,486,49,1,253.63,253.63
1433,487,61,3,124.21,372.63
1434,487,18,3,325.58,976.74
1435,487,16,4,120.54,482.16
1436,488,27,1,484.68,484.68
1437,488,90,4,54.18,216.72
1438,488,79,3,396.39,1189.17
1439,488,8,4,496.99,1987.96
1440,488,14,3,346.24,1038.72
1441,489,68,3,9.01,27.03
1442,489,74,2,375.0,750.0
1443,489,80,4,187.45,749.8
1444,490,94,2,415.76,831.52
1445,490,81,3,412.1,1236.3
1446,490,64,2,472.89,945.78
1447,490,24,1,475.64,475.64
1448,490,79,1,396.39,396.39
1449,491,60,1,91.66,91.66
1450,492,79,4,396.39,1585.56
1451,492,54,1,360.77,360.77
1452,493,45,2,191.72,383.44
1453,493,72,1,452.18,452.18
1454,493,82,2,238.38,476.76
1455,494,33,3,223.81,671.43
1456,494,9,3,396.42,1189.26
1457,494,40,1,277.88,277.88
1458,495,88,3,54.02,162.06
1459,496,51,1,436.11,436.11
1460,496,93,2,394.46,788.92
1461,496,73,2,291.89,583.78
1462,497,44,4,226.04,904.16
1463,497,87,1,212.47,212.47
1464,497,62,2,320.76,641.52
1465,498,20,3,222.38,667.14
1466,498,81,4,412.1,1648.4
1467,498,59,4,125.88,503.52
1468,498,69,1,373.86,373.86
1469,499,39,1,140.35,140.35
1470,499,73,2,291.89,583.78
1471,499,93,3,394.46,1183.38
1472,499,87,3,212.47,637.41
1473,499,41,1,440.27,440.27
1474,500,36,3,158.82,476.46
1475,500,4,4,437.0,1748.0
